Address,Latitude,Longitude
1765 California St San Francisco CA 94109,37.7900502,-122.4233669
399 4th St San Francisco CA 94107,37.7812623,-122.3997825
2001 Market St San Francisco CA 94114,37.7683532,-122.4271267
450 Rhode Island St San Francisco CA 94107,37.7644788,-122.4032778
690 Stanyan St San Francisco CA 94117,37.769638,-122.4528278
3950 24th St San Francisco CA 94114,37.7519697,-122.4308871
1150 Ocean Ave San Francisco CA 94112,37.7237983,-122.4545528
788 Harrison St San Francisco CA 94107,37.7811731,-122.3995543
1095 Hyde St San Francisco CA 94109,37.7906451,-122.4179937
555 9th St San Francisco CA 94103,37.7711099,-122.4073786
3 Masonic Ave San Francisco CA 94118,37.7833698,-122.4478739
401 Bay St San Francisco CA 94133,37.8055155,-122.413738
265 Winston Dr San Francisco CA 94132,37.7266474,-122.4763117
301 McLellan Drive South San Francisco CA 94080,37.664736,-122.4461046